{"SGD": [[0.7938067930221557, 0.14630741593837737, 0.100922206924359, 0.07809979290564854, 0.06664452874263127, 0.05875928316116333, 0.051870259257157644, 0.04605347590446472, 0.04325751091291507, 0.03927903544108073, 0.0956513197918733, 0.03547576666573683, 0.03202608623902003, 0.029377293819189073, 0.0275423169542104], [0.8362496758699417, 0.1718971920410792, 0.11185392120679219, 0.08640257254441579, 0.07096151860753695, 0.06050992777943611, 0.14790779282649358, 0.05378045931557814, 0.04602735385000706, 0.04176824390292168, 0.03770581455628077, 0.034735383687913415, 0.031783698607981206, 0.029735939547916253, 0.027493608546257018], [0.73423283979098, 0.15494666976332663, 0.17176844145854314, 0.09417937142451605, 0.07045166260798773, 0.06052328853557507, 0.05231918076078097, 0.04643177396059036, 0.04262416508893172, 0.03999515424519777, 0.0367405105282863, 0.03371471560895443, 0.032307698989411195, 0.029885280920068424, 0.02850906055768331], [0.8063848152478535, 0.15272110786835352, 0.11274844700495402, 0.0809970867017905, 0.06827404678364594, 0.059475564809640245, 0.053129035302003226, 0.049119799172878266, 0.04589558941920598, 0.04103684130559365, 0.03733173493395249, 0.035736878502368924, 0.03403498164738218, 0.030674525270859402, 0.029259908763567606], [0.8396908930778504, 0.16280946466128032, 0.10672085299491882, 0.08615569162269433, 0.07170310178001722, 0.06314954770406087, 0.056568055550257366, 0.05204468461573124, 0.04640105467736721, 0.04275720981260141, 0.03947038578391075, 0.03525357349912325, 0.03379477316339811, 0.03206167372961839, 0.0302785346036156]], "SGD + Momentum": [[0.8168179538488388, 0.1627400467157364, 0.10883067860603332, 0.08557470058600108, 0.07087235647042592, 0.062130201001465324, 0.0549796734025081, 0.052163002300262454, 0.044211673197150234, 0.04197979028026263, 0.04089428843607505, 0.035757617772122226, 0.03388517767588298, 0.030506010004878042, 0.029194250667716064], [0.9028887088298798, 0.19661795984506608, 0.11836218244632085, 0.09394726167917251, 0.07299503663579623, 0.0671528959830602, 0.058311059657732645, 0.05035286496678988, 0.04665103564858437, 0.0419849673807621, 0.040049307971199356, 0.03586232744952043, 0.03356415203909079, 0.03126653353621563, 0.028781354200839996], [0.7001429237524668, 0.17063947346806527, 0.10838614418506623, 0.08192578149636587, 0.06850326780080795, 0.06014310762286186, 0.05223035908738772, 0.048481487142046295, 0.043146577443927525, 0.04008170835475127, 0.03749152499039968, 0.03504157513889174, 0.03409181805451711, 0.03233521653910478, 0.029639940901597342], [0.7402904732386271, 0.1780880454659462, 0.11164658026695251, 0.08751559074322382, 0.07451654976308346, 0.06122523136933645, 0.056591002746423084, 0.05192176412741343, 0.047103172345956165, 0.04309634560644627, 0.04182212658027808, 0.03762845921119054, 0.03607990582982699, 0.032238847045103707, 0.03234003855586052], [0.8492758753856023, 0.18192811911900839, 0.1152422444820404, 0.08806763987342517, 0.07384716160694758, 0.0637684476296107, 0.05710267335176468, 0.051825436768929166, 0.047676544398069384, 0.043806714378794034, 0.03934975357949734, 0.03752800283034643, 0.03394079648256302, 0.03275541132291158, 0.029847532678643863]], "Adagrad": [[0.3054120534658432, 0.07938018128474554, 0.06030645022392273, 0.04926590828498204, 0.04279589684009552, 0.03866698019057512, 0.03510896140945455, 0.03220451330343882, 0.030210475501418112, 0.02808987607161204, 0.026254896368583042, 0.024590928559501967, 0.02328615725040436, 0.022110337087512016, 0.021128407047564784], [0.3805694671551387, 0.09874351813395818, 0.07341991620262464, 0.06049452411731084, 0.05219773955543836, 0.046816132206718125, 0.042669599399964016, 0.0393162337616086, 0.03614139363368352, 0.033995091923077904, 0.03210557986199856, 0.029958793651064238, 0.028470984923342865, 0.02711899321526289, 0.025576663442452748], [0.3719138090133667, 0.09606267753789823, 0.07132097006539503, 0.05854571267763774, 0.05114274626970291, 0.04553198075145483, 0.04089334886868795, 0.037378032980362574, 0.035007113147526976, 0.03255447218219439, 0.030611850676933925, 0.02894563962208728, 0.027348215118547282, 0.0256519559259216, 0.02443195561170578], [0.37634139265616734, 0.10112904840707779, 0.07555803822080294, 0.06302240694264571, 0.05492711264193058, 0.04921642290353775, 0.04491246000528336, 0.04146711896856626, 0.03913173773288727, 0.03651258767843246, 0.03412286181151867, 0.03276787039836248, 0.03122946814869841, 0.029112820227940876, 0.027848169681429863], [0.3596567741453648, 0.09481305086215337, 0.07219564439654351, 0.06085306893289089, 0.05343017401099205, 0.04827028129696846, 0.04427448048392932, 0.04071435541609923, 0.03775552717049917, 0.0354177078495423, 0.03334417824844519, 0.031133432500561078, 0.0298083356042703, 0.028376466260353724, 0.027226336320738]], "RMSProp": [[0.31139026746749876, 0.08659673407475153, 0.057047943436106044, 0.045441983185211816, 0.03955808098713557, 0.03422238163948059, 0.027962456451480586, 0.02538387736082077, 0.021805333399772645, 0.017407903059323628, 0.029202604476362467, 0.011749635555470983, 0.011769622727235158, 0.011498240824540457, 0.01025601549645265], [0.380687024696668, 0.09310660073359807, 0.06607542478640874, 0.05125725064675013, 0.04196071838736534, 0.034617468450466794, 0.030223123216629028, 0.02673851883634925, 0.02097877083097895, 0.021513828299442928, 0.015569467559456825, 0.013317391730844974, 0.012677440549309055, 0.010292746242942909, 0.009397705962260564], [0.36211833357016243, 0.0888179881632328, 0.06317855610450109, 0.04945943287213644, 0.041520255229870476, 0.034899271819740535, 0.029513823251922925, 0.024163564973076184, 0.021953437681496143, 0.018182363942265512, 0.015377722127238909, 0.017923027815048894, 0.010538353533173601, 0.01178140842517217, 0.013414822236200174], [0.3777381426950296, 0.09604045260151227, 0.07053219238917033, 0.05606109757622083, 0.04649092999796073, 0.03915925400654475, 0.033431238474448524, 0.03248810135324796, 0.024963708833853404, 0.02351671224683523, 0.018056237005690732, 0.01611214156150818, 0.017942868543975057, 0.01226177272995313, 0.01126803754667441], [0.3638058570226034, 0.09125218622088432, 0.06714740339815617, 0.054369365264972054, 0.04513612387776375, 0.038563472269972164, 0.032561891132593154, 0.029309276548524697, 0.02444548296481371, 0.02005216606358687, 0.01786936314975222, 0.014454220933963854, 0.013086155462265015, 0.015463009115805228, 0.008936315174214542]],